first_name,last_name,email,username,password
Geoff,Kindle,gkindle0@cbslocal.com,gkindle0,eni8k65
Agathe,Yellowley,ayellowley1@hao123.com,ayellowley1,R3Z7qIaksj
Joanna,Wermerling,jwermerling2@etsy.com,jwermerling2,oFLndskEA
Con,Tourmell,ctourmell3@spiegel.de,ctourmell3,E6zTSegdSo
Seline,Shawell,sshawell4@hhs.gov,sshawell4,I76Vur3
Pepito,Slowey,pslowey5@gizmodo.com,pslowey5,nopxgGZbjR
Kailey,Gelland,kgelland6@lycos.com,kgelland6,a8Jxsww
Fifi,Innot,finnot7@infoseek.co.jp,finnot7,Au9i4k
Mercy,Milella,mmilella8@godaddy.com,mmilella8,noL6SLbZC1gA
Glen,Manuel,gmanuel9@netvibes.com,gmanuel9,xuAtF7
